[{"ostext":"FREEBSD","version":"0.10","status":"NA","csspatch":"unp","osvers":"6.1-release","distribution":"Abstract-Meta-Class","cssperl":"rel","distversion":"Abstract-Meta-Class-0.10","perl":"5.5.5","archname":"i386-freebsd","osname":"freebsd","url":"http://nntp.x.perl.org/group/perl.cpan.testers/1717321","action":"NA","id":1717321,"platform":"i386-freebsd"},{"ostext":"MSWin32","version":"0.11","status":"PASS","csspatch":"unp","osvers":"5.1","distribution":"Abstract-Meta-Class","cssperl":"rel","distversion":"Abstract-Meta-Class-0.11","perl":"5.10.0","archname":"MSWin32-x86-multi-thread","osname":"MSWin32","url":"http://nntp.x.perl.org/group/perl.cpan.testers/2959417","action":"PASS","id":2959417,"platform":"MSWin32-x86-multi-thread"},{"ostext":"LINUX","version":"0.11","status":"PASS","csspatch":"unp","osvers":"2.6.24-19-generic","distribution":"Abstract-Meta-Class","cssperl":"rel","distversion":"Abstract-Meta-Class-0.11","perl":"5.10.0","archname":"i686-linux-thread-multi","osname":"linux","url":"http://nntp.x.perl.org/group/perl.cpan.testers/2969433","action":"PASS","id":2969433,"platform":"i686-linux-thread-multi"},{"ostext":"LINUX","version":"0.11","status":"PASS","csspatch":"unp","osvers":"2.6.24-19-generic","distribution":"Abstract-Meta-Class","cssperl":"rel","distversion":"Abstract-Meta-Class-0.11","perl":"5.10.0","archname":"i686-linux-thread-multi","osname":"linux","url":"http://nntp.x.perl.org/group/perl.cpan.testers/2969661","action":"PASS","id":2969661,"platform":"i686-linux-thread-multi"},{"ostext":"LINUX","version":"0.11","status":"PASS","csspatch":"unp","osvers":"2.6.24-19-generic","distribution":"Abstract-Meta-Class","cssperl":"rel","distversion":"Abstract-Meta-Class-0.11","perl":"5.10.0","archname":"i686-linux-thread-multi","osname":"linux","url":"http://nntp.x.perl.org/group/perl.cpan.testers/2969663","action":"PASS","id":2969663,"platform":"i686-linux-thread-multi"},{"ostext":"LINUX","version":"0.11","status":"PASS","csspatch":"pat","osvers":"2.6.24-19-generic","distribution":"Abstract-Meta-Class","cssperl":"dev","distversion":"Abstract-Meta-Class-0.11","perl":"5.11.0 patch blead","archname":"i686-linux-thread-multi","osname":"linux","url":"http://nntp.x.perl.org/group/perl.cpan.testers/2970367","action":"PASS","id":2970367,"platform":"i686-linux-thread-multi"}]