[{"ostext":"FREEBSD","status":"NA","version":"0.10","osvers":"6.1-release","csspatch":"unp","distribution":"Abstract-Meta-Class","distversion":"Abstract-Meta-Class-0.10","perl":"5.5.5","cssperl":"rel","archname":"i386-freebsd","osname":"freebsd","action":"NA","url":"http://nntp.x.perl.org/group/perl.cpan.testers/1717321","platform":"i386-freebsd","id":"1717321"},{"ostext":"MSWin32","status":"PASS","version":"0.11","osvers":"5.1","csspatch":"unp","distribution":"Abstract-Meta-Class","distversion":"Abstract-Meta-Class-0.11","perl":"5.10.0","cssperl":"rel","archname":"MSWin32-x86-multi-thread","osname":"MSWin32","action":"PASS","url":"http://nntp.x.perl.org/group/perl.cpan.testers/2959417","platform":"MSWin32-x86-multi-thread","id":"2959417"},{"ostext":"LINUX","status":"PASS","version":"0.11","osvers":"2.6.24-19-generic","csspatch":"unp","distribution":"Abstract-Meta-Class","distversion":"Abstract-Meta-Class-0.11","perl":"5.10.0","cssperl":"rel","archname":"i686-linux-thread-multi","osname":"linux","action":"PASS","url":"http://nntp.x.perl.org/group/perl.cpan.testers/2969433","platform":"i686-linux-thread-multi","id":"2969433"},{"ostext":"LINUX","status":"PASS","version":"0.11","osvers":"2.6.24-19-generic","csspatch":"unp","distribution":"Abstract-Meta-Class","distversion":"Abstract-Meta-Class-0.11","perl":"5.10.0","cssperl":"rel","archname":"i686-linux-thread-multi","osname":"linux","action":"PASS","url":"http://nntp.x.perl.org/group/perl.cpan.testers/2969661","platform":"i686-linux-thread-multi","id":"2969661"},{"ostext":"LINUX","status":"PASS","version":"0.11","osvers":"2.6.24-19-generic","csspatch":"unp","distribution":"Abstract-Meta-Class","distversion":"Abstract-Meta-Class-0.11","perl":"5.10.0","cssperl":"rel","archname":"i686-linux-thread-multi","osname":"linux","action":"PASS","url":"http://nntp.x.perl.org/group/perl.cpan.testers/2969663","platform":"i686-linux-thread-multi","id":"2969663"},{"ostext":"LINUX","status":"PASS","version":"0.11","osvers":"2.6.24-19-generic","csspatch":"pat","distribution":"Abstract-Meta-Class","distversion":"Abstract-Meta-Class-0.11","perl":"5.11.0 patch GitLive-blead-163-g28b1dae","cssperl":"dev","archname":"i686-linux-thread-multi","osname":"linux","action":"PASS","url":"http://nntp.x.perl.org/group/perl.cpan.testers/2970367","platform":"i686-linux-thread-multi","id":"2970367"}]