[{"ostext":"FREEBSD","version":"0.06","status":"FAIL","csspatch":"unp","osvers":"6.2-release","distribution":"Acme-CPANAuthors-French","cssperl":"rel","distversion":"Acme-CPANAuthors-French-0.06","perl":"5.8.8","archname":"i386-freebsd-thread-multi-64int","osname":"freebsd","url":"http://nntp.x.perl.org/group/perl.cpan.testers/2538246","action":"FAIL","id":2538246,"platform":"i386-freebsd-thread-multi-64int"},{"ostext":"OPENBSD","version":"0.07","status":"FAIL","csspatch":"unp","osvers":"4.2","distribution":"Acme-CPANAuthors-French","cssperl":"rel","distversion":"Acme-CPANAuthors-French-0.07","perl":"5.8.8","archname":"OpenBSD.i386-openbsd-thread-multi-64int","osname":"openbsd","url":"http://nntp.x.perl.org/group/perl.cpan.testers/2549071","action":"FAIL","id":2549071,"platform":"OpenBSD.i386-openbsd-thread-multi-64int"},{"ostext":"LINUX","version":"0.07","status":"FAIL","csspatch":"unp","osvers":"2.6.18-92.1.18.el5","distribution":"Acme-CPANAuthors-French","cssperl":"rel","distversion":"Acme-CPANAuthors-French-0.07","perl":"5.8.8","archname":"s390x-linux-thread-multi","osname":"linux","url":"http://nntp.x.perl.org/group/perl.cpan.testers/2966560","action":"FAIL","id":2966560,"platform":"s390x-linux-thread-multi"},{"ostext":"LINUX","version":"0.07","status":"FAIL","csspatch":"unp","osvers":"2.6.24-1-amd64","distribution":"Acme-CPANAuthors-French","cssperl":"rel","distversion":"Acme-CPANAuthors-French-0.07","perl":"5.10.0","archname":"x86_64-linux","osname":"linux","url":"http://nntp.x.perl.org/group/perl.cpan.testers/2967432","action":"FAIL","id":2967432,"platform":"x86_64-linux"}]