[{"status":"PASS","version":"0.080522","osvers":"2.6.24-etchnhalf.1-amd64","csspatch":"unp","distribution":"Acme-CPANAuthors-CodeRepos","distversion":"Acme-CPANAuthors-CodeRepos-0.080522","perl":"5.10.0","cssperl":"rel","archname":"x86_64-linux-thread-multi-ld","osname":"LINUX","action":"PASS","url":"http://nntp.x.perl.org/group/perl.cpan.testers/2964537","platform":"x86_64-linux-thread-multi-ld","id":"2964537"},{"status":"PASS","version":"0.080522","osvers":"2.6.16.60-0.31-default","csspatch":"unp","distribution":"Acme-CPANAuthors-CodeRepos","distversion":"Acme-CPANAuthors-CodeRepos-0.080522","perl":"5.10.0","cssperl":"rel","archname":"s390x-linux","osname":"LINUX","action":"PASS","url":"http://nntp.x.perl.org/group/perl.cpan.testers/2966567","platform":"s390x-linux","id":"2966567"}]