[{"ostext":"MSWin32","version":"0.0101","status":"PASS","csspatch":"unp","osvers":"5.00","distribution":"Acme-CPANAuthors-Canadian","cssperl":"rel","distversion":"Acme-CPANAuthors-Canadian-0.0101","perl":"5.10.0","archname":"MSWin32-x86-multi-thread","osname":"MSWin32","url":"http://nntp.x.perl.org/group/perl.cpan.testers/2725989","action":"PASS","id":2725989,"platform":"MSWin32-x86-multi-thread"},{"ostext":"LINUX","version":"0.0101","status":"PASS","csspatch":"unp","osvers":"2.6.18-92.1.18.el5","distribution":"Acme-CPANAuthors-Canadian","cssperl":"rel","distversion":"Acme-CPANAuthors-Canadian-0.0101","perl":"5.8.8","archname":"s390x-linux-thread-multi","osname":"linux","url":"http://nntp.x.perl.org/group/perl.cpan.testers/2966541","action":"PASS","id":2966541,"platform":"s390x-linux-thread-multi"}]