[{"ostext":"FREEBSD","status":"FAIL","version":"0.06","osvers":"6.2-release","csspatch":"unp","distribution":"Acme-CPANAuthors-French","distversion":"Acme-CPANAuthors-French-0.06","perl":"5.8.8","cssperl":"rel","archname":"i386-freebsd-thread-multi-64int","osname":"freebsd","action":"FAIL","url":"http://nntp.x.perl.org/group/perl.cpan.testers/2538246","platform":"i386-freebsd-thread-multi-64int","id":"2538246"},{"ostext":"OPENBSD","status":"FAIL","version":"0.07","osvers":"4.2","csspatch":"unp","distribution":"Acme-CPANAuthors-French","distversion":"Acme-CPANAuthors-French-0.07","perl":"5.8.8","cssperl":"rel","archname":"OpenBSD.i386-openbsd-thread-multi-64int","osname":"openbsd","action":"FAIL","url":"http://nntp.x.perl.org/group/perl.cpan.testers/2549071","platform":"OpenBSD.i386-openbsd-thread-multi-64int","id":"2549071"},{"ostext":"LINUX","status":"FAIL","version":"0.07","osvers":"2.6.18-92.1.18.el5","csspatch":"unp","distribution":"Acme-CPANAuthors-French","distversion":"Acme-CPANAuthors-French-0.07","perl":"5.8.8","cssperl":"rel","archname":"s390x-linux-thread-multi","osname":"linux","action":"FAIL","url":"http://nntp.x.perl.org/group/perl.cpan.testers/2966560","platform":"s390x-linux-thread-multi","id":"2966560"},{"ostext":"LINUX","status":"FAIL","version":"0.07","osvers":"2.6.24-1-amd64","csspatch":"unp","distribution":"Acme-CPANAuthors-French","distversion":"Acme-CPANAuthors-French-0.07","perl":"5.10.0","cssperl":"rel","archname":"x86_64-linux","osname":"linux","action":"FAIL","url":"http://nntp.x.perl.org/group/perl.cpan.testers/2967432","platform":"x86_64-linux","id":"2967432"}]