[{"status":"PASS","version":"0.0101","osvers":"5.00","csspatch":"unp","distribution":"Acme-CPANAuthors-Canadian","distversion":"Acme-CPANAuthors-Canadian-0.0101","perl":"5.10.0","cssperl":"rel","archname":"MSWin32-x86-multi-thread","osname":"MSWin32","action":"PASS","url":"http://nntp.x.perl.org/group/perl.cpan.testers/2725989","platform":"MSWin32-x86-multi-thread","id":"2725989"},{"status":"PASS","version":"0.0101","osvers":"2.6.18-92.1.18.el5","csspatch":"unp","distribution":"Acme-CPANAuthors-Canadian","distversion":"Acme-CPANAuthors-Canadian-0.0101","perl":"5.8.8","cssperl":"rel","archname":"s390x-linux-thread-multi","osname":"LINUX","action":"PASS","url":"http://nntp.x.perl.org/group/perl.cpan.testers/2966541","platform":"s390x-linux-thread-multi","id":"2966541"}]