[{"ostext":"LINUX","version":"0.080522","status":"PASS","csspatch":"unp","osvers":"2.6.24-etchnhalf.1-amd64","distribution":"Acme-CPANAuthors-CodeRepos","cssperl":"rel","distversion":"Acme-CPANAuthors-CodeRepos-0.080522","perl":"5.10.0","archname":"x86_64-linux-thread-multi-ld","osname":"linux","url":"http://nntp.x.perl.org/group/perl.cpan.testers/2964537","action":"PASS","id":2964537,"platform":"x86_64-linux-thread-multi-ld"},{"ostext":"LINUX","version":"0.080522","status":"PASS","csspatch":"unp","osvers":"2.6.16.60-0.31-default","distribution":"Acme-CPANAuthors-CodeRepos","cssperl":"rel","distversion":"Acme-CPANAuthors-CodeRepos-0.080522","perl":"5.10.0","archname":"s390x-linux","osname":"linux","url":"http://nntp.x.perl.org/group/perl.cpan.testers/2966567","action":"PASS","id":2966567,"platform":"s390x-linux"}]