[{"ostext":"FREEBSD","version":"0.02","status":"UNKNOWN","csspatch":"unp","osvers":"6.1-release","distribution":"AI-NeuralNet-SOM","cssperl":"rel","distversion":"AI-NeuralNet-SOM-0.02","perl":"5.6.2","archname":"i386-freebsd","osname":"freebsd","url":"http://nntp.x.perl.org/group/perl.cpan.testers/1994346","action":"UNKNOWN","id":1994346,"platform":"i386-freebsd"},{"ostext":"SOLARIS","version":"0.02","status":"FAIL","csspatch":"pat","osvers":"2.11","distribution":"AI-NeuralNet-SOM","cssperl":"rel","distversion":"AI-NeuralNet-SOM-0.02","perl":"5.8.8 patch 34559","archname":"i86pc-solaris-64int","osname":"solaris","url":"http://nntp.x.perl.org/group/perl.cpan.testers/2603754","action":"FAIL","id":2603754,"platform":"i86pc-solaris-64int"},{"ostext":"Darwin","version":"0.07","status":"NA","csspatch":"unp","osvers":"7.9.0","distribution":"AI-NeuralNet-SOM","cssperl":"rel","distversion":"AI-NeuralNet-SOM-0.07","perl":"5.8.3","archname":"darwin-2level","osname":"darwin","url":"http://nntp.x.perl.org/group/perl.cpan.testers/1544358","action":"NA","id":1544358,"platform":"darwin-2level"},{"ostext":"Darwin","version":"0.07","status":"NA","csspatch":"unp","osvers":"7.9.0","distribution":"AI-NeuralNet-SOM","cssperl":"rel","distversion":"AI-NeuralNet-SOM-0.07","perl":"5.8.1","archname":"darwin-2level","osname":"darwin","url":"http://nntp.x.perl.org/group/perl.cpan.testers/1587804","action":"NA","id":1587804,"platform":"darwin-2level"},{"ostext":"LINUX","version":"0.07","status":"PASS","csspatch":"unp","osvers":"2.6.16.60-0.31-default","distribution":"AI-NeuralNet-SOM","cssperl":"rel","distversion":"AI-NeuralNet-SOM-0.07","perl":"5.10.0","archname":"s390x-linux","osname":"linux","url":"http://nntp.x.perl.org/group/perl.cpan.testers/2966360","action":"PASS","id":2966360,"platform":"s390x-linux"}]