[{"ostext":"FREEBSD","status":"UNKNOWN","version":"0.02","osvers":"6.1-release","csspatch":"unp","distribution":"AI-NeuralNet-SOM","distversion":"AI-NeuralNet-SOM-0.02","perl":"5.6.2","cssperl":"rel","archname":"i386-freebsd","osname":"freebsd","action":"UNKNOWN","url":"http://nntp.x.perl.org/group/perl.cpan.testers/1994346","platform":"i386-freebsd","id":"1994346"},{"ostext":"SOLARIS","status":"FAIL","version":"0.02","osvers":"2.11","csspatch":"pat","distribution":"AI-NeuralNet-SOM","distversion":"AI-NeuralNet-SOM-0.02","perl":"5.8.8 patch 34559","cssperl":"rel","archname":"i86pc-solaris-64int","osname":"solaris","action":"FAIL","url":"http://nntp.x.perl.org/group/perl.cpan.testers/2603754","platform":"i86pc-solaris-64int","id":"2603754"},{"ostext":"Darwin","status":"NA","version":"0.07","osvers":"7.9.0","csspatch":"unp","distribution":"AI-NeuralNet-SOM","distversion":"AI-NeuralNet-SOM-0.07","perl":"5.8.3","cssperl":"rel","archname":"darwin-2level","osname":"darwin","action":"NA","url":"http://nntp.x.perl.org/group/perl.cpan.testers/1544358","platform":"darwin-2level","id":"1544358"},{"ostext":"Darwin","status":"NA","version":"0.07","osvers":"7.9.0","csspatch":"unp","distribution":"AI-NeuralNet-SOM","distversion":"AI-NeuralNet-SOM-0.07","perl":"5.8.1","cssperl":"rel","archname":"darwin-2level","osname":"darwin","action":"NA","url":"http://nntp.x.perl.org/group/perl.cpan.testers/1587804","platform":"darwin-2level","id":"1587804"},{"ostext":"LINUX","status":"PASS","version":"0.07","osvers":"2.6.16.60-0.31-default","csspatch":"unp","distribution":"AI-NeuralNet-SOM","distversion":"AI-NeuralNet-SOM-0.07","perl":"5.10.0","cssperl":"rel","archname":"s390x-linux","osname":"linux","action":"PASS","url":"http://nntp.x.perl.org/group/perl.cpan.testers/2966360","platform":"s390x-linux","id":"2966360"}]