[{"status":"PASS","version":"0.11","osvers":"2.6.24-19-generic","csspatch":"unp","distribution":"Abstract-Meta-Class","distversion":"Abstract-Meta-Class-0.11","perl":"5.10.0","cssperl":"rel","archname":"i686-linux-thread-multi","osname":"Linux","action":"PASS","url":"http://nntp.x.perl.org/group/perl.cpan.testers/2969433","platform":"i686-linux-thread-multi","id":"2969433"},{"status":"PASS","version":"0.11","osvers":"2.6.24-19-generic","csspatch":"unp","distribution":"Abstract-Meta-Class","distversion":"Abstract-Meta-Class-0.11","perl":"5.10.0","cssperl":"rel","archname":"i686-linux-thread-multi","osname":"Linux","action":"PASS","url":"http://nntp.x.perl.org/group/perl.cpan.testers/2969661","platform":"i686-linux-thread-multi","id":"2969661"},{"status":"PASS","version":"0.11","osvers":"2.6.24-19-generic","csspatch":"unp","distribution":"Abstract-Meta-Class","distversion":"Abstract-Meta-Class-0.11","perl":"5.10.0","cssperl":"rel","archname":"i686-linux-thread-multi","osname":"Linux","action":"PASS","url":"http://nntp.x.perl.org/group/perl.cpan.testers/2969663","platform":"i686-linux-thread-multi","id":"2969663"},{"status":"PASS","version":"0.11","osvers":"2.6.24-19-generic","csspatch":"pat","distribution":"Abstract-Meta-Class","distversion":"Abstract-Meta-Class-0.11","perl":"5.11.0 patch GitLive-blead-163-g28b1dae","cssperl":"dev","archname":"i686-linux-thread-multi","osname":"Linux","action":"PASS","url":"http://nntp.x.perl.org/group/perl.cpan.testers/2970367","platform":"i686-linux-thread-multi","id":"2970367"}]