[{"status":"FAIL","version":"0.07","osvers":"2.6.18-92.1.18.el5","csspatch":"unp","distribution":"Acme-CPANAuthors-French","distversion":"Acme-CPANAuthors-French-0.07","perl":"5.8.8","cssperl":"rel","archname":"s390x-linux-thread-multi","osname":"Linux","action":"FAIL","url":"http://nntp.x.perl.org/group/perl.cpan.testers/2966560","platform":"s390x-linux-thread-multi","id":"2966560"},{"status":"FAIL","version":"0.07","osvers":"2.6.24-1-amd64","csspatch":"unp","distribution":"Acme-CPANAuthors-French","distversion":"Acme-CPANAuthors-French-0.07","perl":"5.10.0","cssperl":"rel","archname":"x86_64-linux","osname":"Linux","action":"FAIL","url":"http://nntp.x.perl.org/group/perl.cpan.testers/2967432","platform":"x86_64-linux","id":"2967432"}]