[{"ostext":"FREEBSD","version":"1.5","status":"UNKNOWN","csspatch":"unp","osvers":"6.1-release","distribution":"Acme-Buffy","cssperl":"rel","distversion":"Acme-Buffy-1.5","perl":"5.5.5","archname":"i386-freebsd","osname":"freebsd","url":"http://nntp.x.perl.org/group/perl.cpan.testers/1396564","action":"UNKNOWN","id":1396564,"platform":"i386-freebsd"},{"ostext":"FREEBSD","version":"1.5","status":"FAIL","csspatch":"unp","osvers":"6.1-release-p23","distribution":"Acme-Buffy","cssperl":"rel","distversion":"Acme-Buffy-1.5","perl":"5.8.9","archname":"i386-freebsd","osname":"freebsd","url":"http://nntp.x.perl.org/group/perl.cpan.testers/2613077","action":"FAIL","id":2613077,"platform":"i386-freebsd"},{"ostext":"LINUX","version":"1.5","status":"PASS","csspatch":"unp","osvers":"2.6.24-etchnhalf.1-amd64","distribution":"Acme-Buffy","cssperl":"rel","distversion":"Acme-Buffy-1.5","perl":"5.10.0","archname":"x86_64-linux-thread-multi-ld","osname":"linux","url":"http://nntp.x.perl.org/group/perl.cpan.testers/2964285","action":"PASS","id":2964285,"platform":"x86_64-linux-thread-multi-ld"}]