[{"ostext":"FREEBSD","status":"UNKNOWN","version":"1.5","osvers":"6.1-release","csspatch":"unp","distribution":"Acme-Buffy","distversion":"Acme-Buffy-1.5","perl":"5.5.5","cssperl":"rel","archname":"i386-freebsd","osname":"freebsd","action":"UNKNOWN","url":"http://nntp.x.perl.org/group/perl.cpan.testers/1396564","platform":"i386-freebsd","id":"1396564"},{"ostext":"FREEBSD","status":"FAIL","version":"1.5","osvers":"6.1-release-p23","csspatch":"unp","distribution":"Acme-Buffy","distversion":"Acme-Buffy-1.5","perl":"5.8.9","cssperl":"rel","archname":"i386-freebsd","osname":"freebsd","action":"FAIL","url":"http://nntp.x.perl.org/group/perl.cpan.testers/2613077","platform":"i386-freebsd","id":"2613077"},{"ostext":"LINUX","status":"PASS","version":"1.5","osvers":"2.6.24-etchnhalf.1-amd64","csspatch":"unp","distribution":"Acme-Buffy","distversion":"Acme-Buffy-1.5","perl":"5.10.0","cssperl":"rel","archname":"x86_64-linux-thread-multi-ld","osname":"linux","action":"PASS","url":"http://nntp.x.perl.org/group/perl.cpan.testers/2964285","platform":"x86_64-linux-thread-multi-ld","id":"2964285"}]