[{"ostext":"SOLARIS","status":"UNKNOWN","version":"0.44","osvers":"2.8","csspatch":"unp","distribution":"AI-NeuralNet-Mesh","distversion":"AI-NeuralNet-Mesh-0.44","perl":"5.8.1","cssperl":"rel","archname":"sun4-solaris","osname":"solaris","action":"UNKNOWN","url":"http://nntp.x.perl.org/group/perl.cpan.testers/104440","platform":"sun4-solaris","id":"104440"},{"ostext":"LINUX","status":"PASS","version":"0.44","osvers":"2.6.24-etchnhalf.1-amd64","csspatch":"unp","distribution":"AI-NeuralNet-Mesh","distversion":"AI-NeuralNet-Mesh-0.44","perl":"5.10.0","cssperl":"rel","archname":"x86_64-linux-thread-multi-ld","osname":"linux","action":"PASS","url":"http://nntp.x.perl.org/group/perl.cpan.testers/2965931","platform":"x86_64-linux-thread-multi-ld","id":"2965931"}]