[{"ostext":"SOLARIS","version":"0.44","status":"UNKNOWN","csspatch":"unp","osvers":"2.8","distribution":"AI-NeuralNet-Mesh","cssperl":"rel","distversion":"AI-NeuralNet-Mesh-0.44","perl":"5.8.1","archname":"sun4-solaris","osname":"solaris","url":"http://nntp.x.perl.org/group/perl.cpan.testers/104440","action":"UNKNOWN","id":104440,"platform":"sun4-solaris"},{"ostext":"LINUX","version":"0.44","status":"PASS","csspatch":"unp","osvers":"2.6.24-etchnhalf.1-amd64","distribution":"AI-NeuralNet-Mesh","cssperl":"rel","distversion":"AI-NeuralNet-Mesh-0.44","perl":"5.10.0","archname":"x86_64-linux-thread-multi-ld","osname":"linux","url":"http://nntp.x.perl.org/group/perl.cpan.testers/2965931","action":"PASS","id":2965931,"platform":"x86_64-linux-thread-multi-ld"}]